{"cameraMode":{"drawMode":0,"name":"Shaded","section":"Shading Mode"},"sceneLighting":false,"audioPlay":false,"sceneViewState":{"m_AlwaysRefresh":false,"showFog":true,"showSkybox":false,"showFlares":true,"showImageEffects":true,"showParticleSystems":true,"showVisualEffectGraphs":true,"m_FxEnabled":true},"in2DMode":false,"pivot":{"x":-0.4322137236595154,"y":0.6645312309265137,"z":-0.3894992768764496},"rotation":{"x":-0.21780017018318177,"y":0.4732251763343811,"z":-0.12199928611516953,"w":-0.8448294997215271},"size":2.5520389080047609,"orthographic":false}